well,experiment
4,Beads Control Starvation
5,Beads Control Starvation
6,Beads Control Starvation
7,Beads Control FCS
8,Beads Control FCS
9,Beads Control FCS
10,NA
11,NA
12,NA
13,WT Starvation
14,WT Starvation
15,WT Starvation
16,WT FCS
17,WT FCS
18,WT FCS
19,NA
20,NA
21,NA
22,G12D starvation
23,G12D starvation
24,G12D starvation
25,G12D FCS
26,G12D FCS
27,G12D FCS
28,NA
29,NA
30,NA
31,G13D Starvation
32,G13D Starvation
33,G13D Starvation
34,G13 FCS
35,G13 FCS
36,G13 FCS
37,NA
38,NA
39,NA
40,Q61H Starvation
41,Q61H Starvation
42,Q61H Starvation
43,Q61H FCS
44,Q61H FCS
45,Q61H FCS