"","hgnc_symbol","dataset"
"1","ACP6","grove2018.csv"
"2","ADAM33","grove2018.csv"
"3","ALS2CR11","grove2018.csv"
"4","ALS2CR12","grove2018.csv"
"5","ARHGAP32","grove2018.csv"
"6","ARL17B","grove2018.csv"
"7","ASAP1","grove2018.csv"
"8","ATRN","grove2018.csv"
"9","ATXN1","grove2018.csv"
"10","BCL9","grove2018.csv"
"11","C20orf27","grove2018.csv"
"12","C8orf74","grove2018.csv"
"13","CASP8","grove2018.csv"
"14","CCDC42B","grove2018.csv"
"15","COL4A1","grove2018.csv"
"16","CRHR1","grove2018.csv"
"17","DDX54","grove2018.csv"
"18","EGR2","grove2018.csv"
"19","EHBP1","grove2018.csv"
"20","FGF12","grove2018.csv"
"21","FMNL1","grove2018.csv"
"22","GALNT1","grove2018.csv"
"23","GALNT10","grove2018.csv"
"24","GFRA4","grove2018.csv"
"25","GJA5","grove2018.csv"
"26","HEXIM2","grove2018.csv"
"27","HSPA12B","grove2018.csv"
"28","IQCD","grove2018.csv"
"29","KANSL1","grove2018.csv"
"30","KCNJ5","grove2018.csv"
"31","KCNN2","grove2018.csv"
"32","KMT2E","grove2018.csv"
"33","LRRC37A","grove2018.csv"
"34","MAPT","grove2018.csv"
"35","MFAP3","grove2018.csv"
"36","NEDD4L","grove2018.csv"
"37","NFIA","grove2018.csv"
"38","NKX2-4","grove2018.csv"
"39","NTM","grove2018.csv"
"40","PCDH9","grove2018.csv"
"41","PLXNA4","grove2018.csv"
"42","REEP3","grove2018.csv"
"43","RITA1","grove2018.csv"
"44","RP1L1","grove2018.csv"
"45","RSU1","grove2018.csv"
"46","RUNX1","grove2018.csv"
"47","SERPINA1","grove2018.csv"
"48","SERPINA11","grove2018.csv"
"49","SIGLEC1","grove2018.csv"
"50","SNX7","grove2018.csv"
"51","SOX7","grove2018.csv"
"52","SPATA32","grove2018.csv"
"53","SPPL2C","grove2018.csv"
"54","SRPK2","grove2018.csv"
"55","STRADB","grove2018.csv"
"56","TBPL1","grove2018.csv"
"57","TCF21","grove2018.csv"
"58","TP53AIP1","grove2018.csv"
"59","TPCN1","grove2018.csv"
"60","TRAK2","grove2018.csv"
"61","XKR6","grove2018.csv"
"62","XRN2","grove2018.csv"
"63","ZNF345","grove2018.csv"
"64","ZNF420","grove2018.csv"
"65","ZNF568","grove2018.csv"
"66","ZNF790","grove2018.csv"
"67","ZNF829","grove2018.csv"
"68","AKT3-IT1","ripke_2014_ensembl_anneal_mapping_09DEC19.csv"
"69","RER1","ripke_2014_ensembl_anneal_mapping_09DEC19.csv"
"70","APH1A","ripke_2014_ensembl_anneal_mapping_09DEC19.csv"
"71","PEX10","ripke_2014_ensembl_anneal_mapping_09DEC19.csv"
"72","C1orf132","ripke_2014_ensembl_anneal_mapping_09DEC19.csv"
"73","MRPS21","ripke_2014_ensembl_anneal_mapping_09DEC19.csv"
"74","DPYD-IT1","ripke_2014_ensembl_anneal_mapping_09DEC19.csv"
"75","RPL26P9","ripke_2014_ensembl_anneal_mapping_09DEC19.csv"
"76","DPYD-AS2","ripke_2014_ensembl_anneal_mapping_09DEC19.csv"
"77","KDM4A-AS1","ripke_2014_ensembl_anneal_mapping_09DEC19.csv"
"78","PLEKHO1","ripke_2014_ensembl_anneal_mapping_09DEC19.csv"
"79","PLCH2","ripke_2014_ensembl_anneal_mapping_09DEC19.csv"
"80","VPS45","ripke_2014_ensembl_anneal_mapping_09DEC19.csv"
"81","MIR4677","ripke_2014_ensembl_anneal_mapping_09DEC19.csv"
"82","CD46","ripke_2014_ensembl_anneal_mapping_09DEC19.csv"
"83","FABP7P1","ripke_2014_ensembl_anneal_mapping_09DEC19.csv"
"84","RN7SL480P","ripke_2014_ensembl_anneal_mapping_09DEC19.csv"
"85","RNU2-17P","ripke_2014_ensembl_anneal_mapping_09DEC19.csv"
"86","C1orf54","ripke_2014_ensembl_anneal_mapping_09DEC19.csv"
"87","KDM4A","ripke_2014_ensembl_anneal_mapping_09DEC19.csv"
"88","ANP32E","ripke_2014_ensembl_anneal_mapping_09DEC19.csv"
"89","SEC63P1","ripke_2014_ensembl_anneal_mapping_09DEC19.csv"
"90","MIR137HG","ripke_2014_ensembl_anneal_mapping_09DEC19.csv"
"91","NFU1P2","ripke_2014_ensembl_anneal_mapping_09DEC19.csv"
"92","C1orf51","ripke_2014_ensembl_anneal_mapping_09DEC19.csv"
"93","SLC45A1","ripke_2014_ensembl_anneal_mapping_09DEC19.csv"
"94","AKT3","ripke_2014_ensembl_anneal_mapping_09DEC19.csv"
"95","CA14","ripke_2014_ensembl_anneal_mapping_09DEC19.csv"
"96","PTPRF","ripke_2014_ensembl_anneal_mapping_09DEC19.csv"
"97","NT5C2","ripke_2014_ensembl_anneal_mapping_09DEC19.csv"
"98","PFN1P11","ripke_2014_ensembl_anneal_mapping_09DEC19.csv"
"99","USMG5","ripke_2014_ensembl_anneal_mapping_09DEC19.csv"
"100","ST13P13","ripke_2014_ensembl_anneal_mapping_09DEC19.csv"
"101","MIR1307","ripke_2014_ensembl_anneal_mapping_09DEC19.csv"
"102","CNNM2","ripke_2014_ensembl_anneal_mapping_09DEC19.csv"
"103","TAF5","ripke_2014_ensembl_anneal_mapping_09DEC19.csv"
"104","CALHM2","ripke_2014_ensembl_anneal_mapping_09DEC19.csv"
"105","CYP17A1-AS1","ripke_2014_ensembl_anneal_mapping_09DEC19.csv"
"106","RNU6-372P","ripke_2014_ensembl_anneal_mapping_09DEC19.csv"
"107","PTGES3P4","ripke_2014_ensembl_anneal_mapping_09DEC19.csv"
"108","INA","ripke_2014_ensembl_anneal_mapping_09DEC19.csv"
"109","AS3MT","ripke_2014_ensembl_anneal_mapping_09DEC19.csv"
"110","RNU11-3P","ripke_2014_ensembl_anneal_mapping_09DEC19.csv"
"111","C10orf32","ripke_2014_ensembl_anneal_mapping_09DEC19.csv"
"112","RNU6-1231P","ripke_2014_ensembl_anneal_mapping_09DEC19.csv"
"113","RPEL1","ripke_2014_ensembl_anneal_mapping_09DEC19.csv"
"114","MARCKSL1P1","ripke_2014_ensembl_anneal_mapping_09DEC19.csv"
"115","C10orf32-ASMT","ripke_2014_ensembl_anneal_mapping_09DEC19.csv"
"116","SFXN2","ripke_2014_ensembl_anneal_mapping_09DEC19.csv"
"117","TRIM8","ripke_2014_ensembl_anneal_mapping_09DEC19.csv"
"118","CYP17A1","ripke_2014_ensembl_anneal_mapping_09DEC19.csv"
"119","WBP1L","ripke_2014_ensembl_anneal_mapping_09DEC19.csv"
"120","PDCD11","ripke_2014_ensembl_anneal_mapping_09DEC19.csv"
"121","ARL3","ripke_2014_ensembl_anneal_mapping_09DEC19.csv"
"122","PCGF6","ripke_2014_ensembl_anneal_mapping_09DEC19.csv"
"123","CTNND1","ripke_2014_ensembl_anneal_mapping_09DEC19.csv"
"124","DRD2","ripke_2014_ensembl_anneal_mapping_09DEC19.csv"
"125","HARBI1","ripke_2014_ensembl_anneal_mapping_09DEC19.csv"
"126","ESAM","ripke_2014_ensembl_anneal_mapping_09DEC19.csv"
"127","VSIG2","ripke_2014_ensembl_anneal_mapping_09DEC19.csv"
"128","ZDHHC5","ripke_2014_ensembl_anneal_mapping_09DEC19.csv"
"129","TMX2","ripke_2014_ensembl_anneal_mapping_09DEC19.csv"
"130","BTBD18","ripke_2014_ensembl_anneal_mapping_09DEC19.csv"
"131","SNX19","ripke_2014_ensembl_anneal_mapping_09DEC19.csv"
"132","RPS4XP13","ripke_2014_ensembl_anneal_mapping_09DEC19.csv"
"133","MIR4688","ripke_2014_ensembl_anneal_mapping_09DEC19.csv"
"134","CHRM4","ripke_2014_ensembl_anneal_mapping_09DEC19.csv"
"135","SNORD67","ripke_2014_ensembl_anneal_mapping_09DEC19.csv"
"136","MIR130A","ripke_2014_ensembl_anneal_mapping_09DEC19.csv"
"137","MIR4697","ripke_2014_ensembl_anneal_mapping_09DEC19.csv"
"138","IGSF9B","ripke_2014_ensembl_anneal_mapping_09DEC19.csv"
"139","CREB3L1","ripke_2014_ensembl_anneal_mapping_09DEC19.csv"
"140","MIR5582","ripke_2014_ensembl_anneal_mapping_09DEC19.csv"
"141","F2","ripke_2014_ensembl_anneal_mapping_09DEC19.csv"
"142","YPEL4","ripke_2014_ensembl_anneal_mapping_09DEC19.csv"
"143","OR5AZ1P","ripke_2014_ensembl_anneal_mapping_09DEC19.csv"
"144","ATG13","ripke_2014_ensembl_anneal_mapping_09DEC19.csv"
"145","MDK","ripke_2014_ensembl_anneal_mapping_09DEC19.csv"
"146","MIR4301","ripke_2014_ensembl_anneal_mapping_09DEC19.csv"
"147","ZNF408","ripke_2014_ensembl_anneal_mapping_09DEC19.csv"
"148","NRGN","ripke_2014_ensembl_anneal_mapping_09DEC19.csv"
"149","OR5BA1P","ripke_2014_ensembl_anneal_mapping_09DEC19.csv"
"150","MED19","ripke_2014_ensembl_anneal_mapping_09DEC19.csv"
"151","DGKZ","ripke_2014_ensembl_anneal_mapping_09DEC19.csv"
"152","OR5BD1P","ripke_2014_ensembl_anneal_mapping_09DEC19.csv"
"153","C11orf87","ripke_2014_ensembl_anneal_mapping_09DEC19.csv"
"154","MIR3160-2","ripke_2014_ensembl_anneal_mapping_09DEC19.csv"
"155","ARHGAP1","ripke_2014_ensembl_anneal_mapping_09DEC19.csv"
"156","CLP1","ripke_2014_ensembl_anneal_mapping_09DEC19.csv"
"157","MIR3160-1","ripke_2014_ensembl_anneal_mapping_09DEC19.csv"
"158","C11orf31","ripke_2014_ensembl_anneal_mapping_09DEC19.csv"
"159","SERPING1","ripke_2014_ensembl_anneal_mapping_09DEC19.csv"
"160","AMBRA1","ripke_2014_ensembl_anneal_mapping_09DEC19.csv"
"161","TMX2-CTNND1","ripke_2014_ensembl_anneal_mapping_09DEC19.csv"
"162","RNA5SP375","ripke_2014_ensembl_anneal_mapping_09DEC19.csv"
"163","SHMT2","ripke_2014_ensembl_anneal_mapping_09DEC19.csv"
"164","MIR1228","ripke_2014_ensembl_anneal_mapping_09DEC19.csv"
"165","ZBTB39","ripke_2014_ensembl_anneal_mapping_09DEC19.csv"
"166","NXPH4","ripke_2014_ensembl_anneal_mapping_09DEC19.csv"
"167","RILPL2","ripke_2014_ensembl_anneal_mapping_09DEC19.csv"
"168","SBNO1","ripke_2014_ensembl_anneal_mapping_09DEC19.csv"
"169","ARL6IP4","ripke_2014_ensembl_anneal_mapping_09DEC19.csv"
"170","STAT6","ripke_2014_ensembl_anneal_mapping_09DEC19.csv"
"171","ABCB9","ripke_2014_ensembl_anneal_mapping_09DEC19.csv"
"172","PITPNM2","ripke_2014_ensembl_anneal_mapping_09DEC19.csv"
"173","TAC3","ripke_2014_ensembl_anneal_mapping_09DEC19.csv"
"174","NAB2","ripke_2014_ensembl_anneal_mapping_09DEC19.csv"
"175","GPR182","ripke_2014_ensembl_anneal_mapping_09DEC19.csv"
"176","MIR4304","ripke_2014_ensembl_anneal_mapping_09DEC19.csv"
"177","RN7SL133P","ripke_2014_ensembl_anneal_mapping_09DEC19.csv"
"178","STAC3","ripke_2014_ensembl_anneal_mapping_09DEC19.csv"
"179","MYO1A","ripke_2014_ensembl_anneal_mapping_09DEC19.csv"
"180","CDK2AP1","ripke_2014_ensembl_anneal_mapping_09DEC19.csv"
"181","CACNA1C-AS4","ripke_2014_ensembl_anneal_mapping_09DEC19.csv"
"182","CACNA1C-IT3","ripke_2014_ensembl_anneal_mapping_09DEC19.csv"
"183","MPHOSPH9","ripke_2014_ensembl_anneal_mapping_09DEC19.csv"
"184","LRP1","ripke_2014_ensembl_anneal_mapping_09DEC19.csv"
"185","OGFOD2","ripke_2014_ensembl_anneal_mapping_09DEC19.csv"
"186","SNRNP35","ripke_2014_ensembl_anneal_mapping_09DEC19.csv"
"187","SETD8","ripke_2014_ensembl_anneal_mapping_09DEC19.csv"
"188","TMEM194A","ripke_2014_ensembl_anneal_mapping_09DEC19.csv"
"189","NDUFA4L2","ripke_2014_ensembl_anneal_mapping_09DEC19.csv"
"190","C12orf65","ripke_2014_ensembl_anneal_mapping_09DEC19.csv"
"191","RNU4-68P","ripke_2014_ensembl_anneal_mapping_09DEC19.csv"
"192","KLC1","ripke_2014_ensembl_anneal_mapping_09DEC19.csv"
"193","APOPT1","ripke_2014_ensembl_anneal_mapping_09DEC19.csv"
"194","ZFYVE21","ripke_2014_ensembl_anneal_mapping_09DEC19.csv"
"195","TRMT61A","ripke_2014_ensembl_anneal_mapping_09DEC19.csv"
"196","RNU7-160P","ripke_2014_ensembl_anneal_mapping_09DEC19.csv"
"197","CKB","ripke_2014_ensembl_anneal_mapping_09DEC19.csv"
"198","XRCC3","ripke_2014_ensembl_anneal_mapping_09DEC19.csv"
"199","BAG5","ripke_2014_ensembl_anneal_mapping_09DEC19.csv"
"200","WDR73","ripke_2014_ensembl_anneal_mapping_09DEC19.csv"
"201","RN7SL363P","ripke_2014_ensembl_anneal_mapping_09DEC19.csv"
"202","FES","ripke_2014_ensembl_anneal_mapping_09DEC19.csv"
"203","ANKRD63","ripke_2014_ensembl_anneal_mapping_09DEC19.csv"
"204","GOLGA6L5P","ripke_2014_ensembl_anneal_mapping_09DEC19.csv"
"205","GOLGA2P7","ripke_2014_ensembl_anneal_mapping_09DEC19.csv"
"206","RN7SL417P","ripke_2014_ensembl_anneal_mapping_09DEC19.csv"
"207","HDDC3","ripke_2014_ensembl_anneal_mapping_09DEC19.csv"
"208","DNM1P51","ripke_2014_ensembl_anneal_mapping_09DEC19.csv"
"209","UBE2Q2L","ripke_2014_ensembl_anneal_mapping_09DEC19.csv"
"210","RPL18P11","ripke_2014_ensembl_anneal_mapping_09DEC19.csv"
"211","LINC00933","ripke_2014_ensembl_anneal_mapping_09DEC19.csv"
"212","PHGR1","ripke_2014_ensembl_anneal_mapping_09DEC19.csv"
"213","ZSCAN2","ripke_2014_ensembl_anneal_mapping_09DEC19.csv"
"214","HYKK","ripke_2014_ensembl_anneal_mapping_09DEC19.csv"
"215","PSMA4","ripke_2014_ensembl_anneal_mapping_09DEC19.csv"
"216","GOLGA6L4","ripke_2014_ensembl_anneal_mapping_09DEC19.csv"
"217","PLCB2","ripke_2014_ensembl_anneal_mapping_09DEC19.csv"
"218","UBE2Q2P8","ripke_2014_ensembl_anneal_mapping_09DEC19.csv"
"219","CSPG4P11","ripke_2014_ensembl_anneal_mapping_09DEC19.csv"
"220","UBE2Q2P12","ripke_2014_ensembl_anneal_mapping_09DEC19.csv"
"221","EGLN1P1","ripke_2014_ensembl_anneal_mapping_09DEC19.csv"
"222","C15orf52","ripke_2014_ensembl_anneal_mapping_09DEC19.csv"
"223","C15orf56","ripke_2014_ensembl_anneal_mapping_09DEC19.csv"
"224","CHRNA5","ripke_2014_ensembl_anneal_mapping_09DEC19.csv"
"225","EFTUD1P1","ripke_2014_ensembl_anneal_mapping_09DEC19.csv"
"226","LINC00984","ripke_2014_ensembl_anneal_mapping_09DEC19.csv"
"227","PLCB2-AS1","ripke_2014_ensembl_anneal_mapping_09DEC19.csv"
"228","FURIN","ripke_2014_ensembl_anneal_mapping_09DEC19.csv"
"229","CSPG4P5","ripke_2014_ensembl_anneal_mapping_09DEC19.csv"
"230","UBE2Q2P11","ripke_2014_ensembl_anneal_mapping_09DEC19.csv"
"231","CHRNA3","ripke_2014_ensembl_anneal_mapping_09DEC19.csv"
"232","SCAND2P","ripke_2014_ensembl_anneal_mapping_09DEC19.csv"
"233","MAN2A2","ripke_2014_ensembl_anneal_mapping_09DEC19.csv"
"234","RN7SL331P","ripke_2014_ensembl_anneal_mapping_09DEC19.csv"
"235","UBE2Q2P1","ripke_2014_ensembl_anneal_mapping_09DEC19.csv"
"236","RNA5SP392","ripke_2014_ensembl_anneal_mapping_09DEC19.csv"
"237","NMB","ripke_2014_ensembl_anneal_mapping_09DEC19.csv"
"238","TAOK2","ripke_2014_ensembl_anneal_mapping_09DEC19.csv"
"239","YPEL3","ripke_2014_ensembl_anneal_mapping_09DEC19.csv"
"240","CTRL","ripke_2014_ensembl_anneal_mapping_09DEC19.csv"
"241","ENKD1","ripke_2014_ensembl_anneal_mapping_09DEC19.csv"
"242","KARSP3","ripke_2014_ensembl_anneal_mapping_09DEC19.csv"
"243","EDC4","ripke_2014_ensembl_anneal_mapping_09DEC19.csv"
"244","TMEM219","ripke_2014_ensembl_anneal_mapping_09DEC19.csv"
"245","NRN1L","ripke_2014_ensembl_anneal_mapping_09DEC19.csv"
"246","TSNAXIP1","ripke_2014_ensembl_anneal_mapping_09DEC19.csv"
"247","SEZ6L2","ripke_2014_ensembl_anneal_mapping_09DEC19.csv"
"248","RLTPR","ripke_2014_ensembl_anneal_mapping_09DEC19.csv"
"249","NUTF2","ripke_2014_ensembl_anneal_mapping_09DEC19.csv"
"250","RPS12P27","ripke_2014_ensembl_anneal_mapping_09DEC19.csv"
"251","HIRIP3","ripke_2014_ensembl_anneal_mapping_09DEC19.csv"
"252","CENPT","ripke_2014_ensembl_anneal_mapping_09DEC19.csv"
"253","GFOD2","ripke_2014_ensembl_anneal_mapping_09DEC19.csv"
"254","ESRP2","ripke_2014_ensembl_anneal_mapping_09DEC19.csv"
"255","KCTD13","ripke_2014_ensembl_anneal_mapping_09DEC19.csv"
"256","INO80E","ripke_2014_ensembl_anneal_mapping_09DEC19.csv"
"257","LCAT","ripke_2014_ensembl_anneal_mapping_09DEC19.csv"
"258","PSKH1","ripke_2014_ensembl_anneal_mapping_09DEC19.csv"
"259","PSMB10","ripke_2014_ensembl_anneal_mapping_09DEC19.csv"
"260","DOC2A","ripke_2014_ensembl_anneal_mapping_09DEC19.csv"
"261","ALDOA","ripke_2014_ensembl_anneal_mapping_09DEC19.csv"
"262","SLC38A7","ripke_2014_ensembl_anneal_mapping_09DEC19.csv"
"263","PPP4C","ripke_2014_ensembl_anneal_mapping_09DEC19.csv"
"264","RNU6-1262P","ripke_2014_ensembl_anneal_mapping_09DEC19.csv"
"265","FAM57B","ripke_2014_ensembl_anneal_mapping_09DEC19.csv"
"266","PARD6A","ripke_2014_ensembl_anneal_mapping_09DEC19.csv"
"267","C16orf86","ripke_2014_ensembl_anneal_mapping_09DEC19.csv"
"268","PLA2G15","ripke_2014_ensembl_anneal_mapping_09DEC19.csv"
"269","CDIPT-AS1","ripke_2014_ensembl_anneal_mapping_09DEC19.csv"
"270","SLC7A6OS","ripke_2014_ensembl_anneal_mapping_09DEC19.csv"
"271","SLC12A4","ripke_2014_ensembl_anneal_mapping_09DEC19.csv"
"272","NFATC3","ripke_2014_ensembl_anneal_mapping_09DEC19.csv"
"273","DUS2","ripke_2014_ensembl_anneal_mapping_09DEC19.csv"
"274","RANBP10","ripke_2014_ensembl_anneal_mapping_09DEC19.csv"
"275","THAP11","ripke_2014_ensembl_anneal_mapping_09DEC19.csv"
"276","DPEP2","ripke_2014_ensembl_anneal_mapping_09DEC19.csv"
"277","DDX28","ripke_2014_ensembl_anneal_mapping_09DEC19.csv"
"278","MAPK3","ripke_2014_ensembl_anneal_mapping_09DEC19.csv"
"279","GDPD3","ripke_2014_ensembl_anneal_mapping_09DEC19.csv"
"280","SLC7A6","ripke_2014_ensembl_anneal_mapping_09DEC19.csv"
"281","ASPHD1","ripke_2014_ensembl_anneal_mapping_09DEC19.csv"
"282","C16orf92","ripke_2014_ensembl_anneal_mapping_09DEC19.csv"
"283","ACD","ripke_2014_ensembl_anneal_mapping_09DEC19.csv"
"284","DPEP3","ripke_2014_ensembl_anneal_mapping_09DEC19.csv"
"285","RNU6-359P","ripke_2014_ensembl_anneal_mapping_09DEC19.csv"
"286","TBX6","ripke_2014_ensembl_anneal_mapping_09DEC19.csv"
"287","HNRNPA1P16","ripke_2014_ensembl_anneal_mapping_09DEC19.csv"
"288","RN7SL624P","ripke_2014_ensembl_anneal_mapping_09DEC19.csv"
"289","SNORD91A","ripke_2014_ensembl_anneal_mapping_09DEC19.csv"
"290","TSR1","ripke_2014_ensembl_anneal_mapping_09DEC19.csv"
"291","SREBF1","ripke_2014_ensembl_anneal_mapping_09DEC19.csv"
"292","TOM1L2","ripke_2014_ensembl_anneal_mapping_09DEC19.csv"
"293","SNORD91B","ripke_2014_ensembl_anneal_mapping_09DEC19.csv"
"294","LRRC48","ripke_2014_ensembl_anneal_mapping_09DEC19.csv"
"295","SRR","ripke_2014_ensembl_anneal_mapping_09DEC19.csv"
"296","GID4","ripke_2014_ensembl_anneal_mapping_09DEC19.csv"
"297","SMCR5","ripke_2014_ensembl_anneal_mapping_09DEC19.csv"
"298","ATPAF2","ripke_2014_ensembl_anneal_mapping_09DEC19.csv"
"299","MIR33B","ripke_2014_ensembl_anneal_mapping_09DEC19.csv"
"300","DRG2","ripke_2014_ensembl_anneal_mapping_09DEC19.csv"
"301","RNA5SP459","ripke_2014_ensembl_anneal_mapping_09DEC19.csv"
"302","MIR4529","ripke_2014_ensembl_anneal_mapping_09DEC19.csv"
"303","HAPLN4","ripke_2014_ensembl_anneal_mapping_09DEC19.csv"
"304","CILP2","ripke_2014_ensembl_anneal_mapping_09DEC19.csv"
"305","PHF5CP","ripke_2014_ensembl_anneal_mapping_09DEC19.csv"
"306","MIR640","ripke_2014_ensembl_anneal_mapping_09DEC19.csv"
"307","BCL2L12","ripke_2014_ensembl_anneal_mapping_09DEC19.csv"
"308","MAU2","ripke_2014_ensembl_anneal_mapping_09DEC19.csv"
"309","NOSIP","ripke_2014_ensembl_anneal_mapping_09DEC19.csv"
"310","GATAD2A","ripke_2014_ensembl_anneal_mapping_09DEC19.csv"
"311","SUGP1","ripke_2014_ensembl_anneal_mapping_09DEC19.csv"
"312","TM6SF2","ripke_2014_ensembl_anneal_mapping_09DEC19.csv"
"313","PRR12","ripke_2014_ensembl_anneal_mapping_09DEC19.csv"
"314","RCN3","ripke_2014_ensembl_anneal_mapping_09DEC19.csv"
"315","RRAS","ripke_2014_ensembl_anneal_mapping_09DEC19.csv"
"316","IRF3","ripke_2014_ensembl_anneal_mapping_09DEC19.csv"
"317","YJEFN3","ripke_2014_ensembl_anneal_mapping_09DEC19.csv"
"318","TSSK6","ripke_2014_ensembl_anneal_mapping_09DEC19.csv"
"319","SCAF1","ripke_2014_ensembl_anneal_mapping_09DEC19.csv"
"320","RNU6-1028P","ripke_2014_ensembl_anneal_mapping_09DEC19.csv"
"321","NDUFA13","ripke_2014_ensembl_anneal_mapping_09DEC19.csv"
"322","PRRG2","ripke_2014_ensembl_anneal_mapping_09DEC19.csv"
"323","CYP26B1","ripke_2014_ensembl_anneal_mapping_09DEC19.csv"
"324","TYW5","ripke_2014_ensembl_anneal_mapping_09DEC19.csv"
"325","DPP4","ripke_2014_ensembl_anneal_mapping_09DEC19.csv"
"326","VRK2","ripke_2014_ensembl_anneal_mapping_09DEC19.csv"
"327","FANCL","ripke_2014_ensembl_anneal_mapping_09DEC19.csv"
"328","KCNJ13","ripke_2014_ensembl_anneal_mapping_09DEC19.csv"
"329","C2orf47","ripke_2014_ensembl_anneal_mapping_09DEC19.csv"
"330","RN7SL359P","ripke_2014_ensembl_anneal_mapping_09DEC19.csv"
"331","TIMM8AP1","ripke_2014_ensembl_anneal_mapping_09DEC19.csv"
"332","SATB2","ripke_2014_ensembl_anneal_mapping_09DEC19.csv"
"333","SF3B1","ripke_2014_ensembl_anneal_mapping_09DEC19.csv"
"334","SATB2-AS1","ripke_2014_ensembl_anneal_mapping_09DEC19.csv"
"335","GIGYF2","ripke_2014_ensembl_anneal_mapping_09DEC19.csv"
"336","C2orf82","ripke_2014_ensembl_anneal_mapping_09DEC19.csv"
"337","EPC2","ripke_2014_ensembl_anneal_mapping_09DEC19.csv"
"338","HSPD1","ripke_2014_ensembl_anneal_mapping_09DEC19.csv"
"339","BOLL","ripke_2014_ensembl_anneal_mapping_09DEC19.csv"
"340","RNU6-1029P","ripke_2014_ensembl_anneal_mapping_09DEC19.csv"
"341","MARS2","ripke_2014_ensembl_anneal_mapping_09DEC19.csv"
"342","ANKRD44-IT1","ripke_2014_ensembl_anneal_mapping_09DEC19.csv"
"343","NPM1P46","ripke_2014_ensembl_anneal_mapping_09DEC19.csv"
"344","RNU6-107P","ripke_2014_ensembl_anneal_mapping_09DEC19.csv"
"345","RPEP5","ripke_2014_ensembl_anneal_mapping_09DEC19.csv"
"346","HSPE1","ripke_2014_ensembl_anneal_mapping_09DEC19.csv"
"347","EIF3EP2","ripke_2014_ensembl_anneal_mapping_09DEC19.csv"
"348","ATP5G2P3","ripke_2014_ensembl_anneal_mapping_09DEC19.csv"
"349","C2orf69","ripke_2014_ensembl_anneal_mapping_09DEC19.csv"
"350","RFTN2","ripke_2014_ensembl_anneal_mapping_09DEC19.csv"
"351","COQ10B","ripke_2014_ensembl_anneal_mapping_09DEC19.csv"
"352","CUL3","ripke_2014_ensembl_anneal_mapping_09DEC19.csv"
"353","HSPE1-MOB4","ripke_2014_ensembl_anneal_mapping_09DEC19.csv"
"354","EIF3FP3","ripke_2014_ensembl_anneal_mapping_09DEC19.csv"
"355","MOB4","ripke_2014_ensembl_anneal_mapping_09DEC19.csv"
"356","RN7SL717P","ripke_2014_ensembl_anneal_mapping_09DEC19.csv"
"357","SLC32A1","ripke_2014_ensembl_anneal_mapping_09DEC19.csv"
"358","RN7SL116P","ripke_2014_ensembl_anneal_mapping_09DEC19.csv"
"359","ACTR5","ripke_2014_ensembl_anneal_mapping_09DEC19.csv"
"360","RN7SKP173","ripke_2014_ensembl_anneal_mapping_09DEC19.csv"
"361","SMDT1","ripke_2014_ensembl_anneal_mapping_09DEC19.csv"
"362","CYP2D7P","ripke_2014_ensembl_anneal_mapping_09DEC19.csv"
"363","EP300","ripke_2014_ensembl_anneal_mapping_09DEC19.csv"
"364","CHADL","ripke_2014_ensembl_anneal_mapping_09DEC19.csv"
"365","MIR1281","ripke_2014_ensembl_anneal_mapping_09DEC19.csv"
"366","NDUFA6","ripke_2014_ensembl_anneal_mapping_09DEC19.csv"
"367","LINC00634","ripke_2014_ensembl_anneal_mapping_09DEC19.csv"
"368","SHISA8","ripke_2014_ensembl_anneal_mapping_09DEC19.csv"
"369","OLA1P1","ripke_2014_ensembl_anneal_mapping_09DEC19.csv"
"370","MIR378I","ripke_2014_ensembl_anneal_mapping_09DEC19.csv"
"371","FAM109B","ripke_2014_ensembl_anneal_mapping_09DEC19.csv"
"372","CENPM","ripke_2014_ensembl_anneal_mapping_09DEC19.csv"
"373","MIR33A","ripke_2014_ensembl_anneal_mapping_09DEC19.csv"
"374","NAGA","ripke_2014_ensembl_anneal_mapping_09DEC19.csv"
"375","NDUFA6-AS1","ripke_2014_ensembl_anneal_mapping_09DEC19.csv"
"376","RANGAP1","ripke_2014_ensembl_anneal_mapping_09DEC19.csv"
"377","LRRC37A14P","ripke_2014_ensembl_anneal_mapping_09DEC19.csv"
"378","SEPT3","ripke_2014_ensembl_anneal_mapping_09DEC19.csv"
"379","L3MBTL2","ripke_2014_ensembl_anneal_mapping_09DEC19.csv"
"380","CYP2D8P","ripke_2014_ensembl_anneal_mapping_09DEC19.csv"
"381","CYP2D6","ripke_2014_ensembl_anneal_mapping_09DEC19.csv"
"382","WBP2NL","ripke_2014_ensembl_anneal_mapping_09DEC19.csv"
"383","RNU6-375P","ripke_2014_ensembl_anneal_mapping_09DEC19.csv"
"384","TNFRSF13C","ripke_2014_ensembl_anneal_mapping_09DEC19.csv"
"385","SLC25A5P1","ripke_2014_ensembl_anneal_mapping_09DEC19.csv"
"386","TMEM110","ripke_2014_ensembl_anneal_mapping_09DEC19.csv"
"387","SNORD19","ripke_2014_ensembl_anneal_mapping_09DEC19.csv"
"388","MUSTN1","ripke_2014_ensembl_anneal_mapping_09DEC19.csv"
"389","NT5DC2","ripke_2014_ensembl_anneal_mapping_09DEC19.csv"
"390","PBRM1","ripke_2014_ensembl_anneal_mapping_09DEC19.csv"
"391","GNL3","ripke_2014_ensembl_anneal_mapping_09DEC19.csv"
"392","FAUP2","ripke_2014_ensembl_anneal_mapping_09DEC19.csv"
"393","MSL2","ripke_2014_ensembl_anneal_mapping_09DEC19.csv"
"394","PSMD6-AS2","ripke_2014_ensembl_anneal_mapping_09DEC19.csv"
"395","SMIM4","ripke_2014_ensembl_anneal_mapping_09DEC19.csv"
"396","RNU6ATAC16P","ripke_2014_ensembl_anneal_mapping_09DEC19.csv"
"397","TMEM110-MUSTN1","ripke_2014_ensembl_anneal_mapping_09DEC19.csv"
"398","STAB1","ripke_2014_ensembl_anneal_mapping_09DEC19.csv"
"399","ITIH4","ripke_2014_ensembl_anneal_mapping_09DEC19.csv"
"400","SNORD19B","ripke_2014_ensembl_anneal_mapping_09DEC19.csv"
"401","SLC35G2","ripke_2014_ensembl_anneal_mapping_09DEC19.csv"
"402","DNAJC19","ripke_2014_ensembl_anneal_mapping_09DEC19.csv"
"403","HSPD1P6","ripke_2014_ensembl_anneal_mapping_09DEC19.csv"
"404","HMGN1P10","ripke_2014_ensembl_anneal_mapping_09DEC19.csv"
"405","PDCL3P3","ripke_2014_ensembl_anneal_mapping_09DEC19.csv"
"406","ITIH1","ripke_2014_ensembl_anneal_mapping_09DEC19.csv"
"407","GLT8D1","ripke_2014_ensembl_anneal_mapping_09DEC19.csv"
"408","THOC7","ripke_2014_ensembl_anneal_mapping_09DEC19.csv"
"409","C3orf49","ripke_2014_ensembl_anneal_mapping_09DEC19.csv"
"410","RPL7AP25","ripke_2014_ensembl_anneal_mapping_09DEC19.csv"
"411","ITIH3","ripke_2014_ensembl_anneal_mapping_09DEC19.csv"
"412","FLYWCH1P1","ripke_2014_ensembl_anneal_mapping_09DEC19.csv"
"413","TRANK1","ripke_2014_ensembl_anneal_mapping_09DEC19.csv"
"414","RNU6-789P","ripke_2014_ensembl_anneal_mapping_09DEC19.csv"
"415","PSMD6","ripke_2014_ensembl_anneal_mapping_09DEC19.csv"
"416","RNU6-4P","ripke_2014_ensembl_anneal_mapping_09DEC19.csv"
"417","TDGF1P6","ripke_2014_ensembl_anneal_mapping_09DEC19.csv"
"418","ITIH4-AS1","ripke_2014_ensembl_anneal_mapping_09DEC19.csv"
"419","RNU6-856P","ripke_2014_ensembl_anneal_mapping_09DEC19.csv"
"420","STAG1","ripke_2014_ensembl_anneal_mapping_09DEC19.csv"
"421","ATXN7","ripke_2014_ensembl_anneal_mapping_09DEC19.csv"
"422","THOC7-AS1","ripke_2014_ensembl_anneal_mapping_09DEC19.csv"
"423","FXR1","ripke_2014_ensembl_anneal_mapping_09DEC19.csv"
"424","RNU7-198P","ripke_2014_ensembl_anneal_mapping_09DEC19.csv"
"425","RNU6-1284P","ripke_2014_ensembl_anneal_mapping_09DEC19.csv"
"426","RNY4P4","ripke_2014_ensembl_anneal_mapping_09DEC19.csv"
"427","NEK4","ripke_2014_ensembl_anneal_mapping_09DEC19.csv"
"428","PCCB","ripke_2014_ensembl_anneal_mapping_09DEC19.csv"
"429","SPCS1","ripke_2014_ensembl_anneal_mapping_09DEC19.csv"
"430","SNORD69","ripke_2014_ensembl_anneal_mapping_09DEC19.csv"
"431","CLCN3","ripke_2014_ensembl_anneal_mapping_09DEC19.csv"
"432","NEK1","ripke_2014_ensembl_anneal_mapping_09DEC19.csv"
"433","C4orf27","ripke_2014_ensembl_anneal_mapping_09DEC19.csv"
"434","RN7SL682P","ripke_2014_ensembl_anneal_mapping_09DEC19.csv"
"435","MIR3655","ripke_2014_ensembl_anneal_mapping_09DEC19.csv"
"436","FAM53C","ripke_2014_ensembl_anneal_mapping_09DEC19.csv"
"437","HSPA9","ripke_2014_ensembl_anneal_mapping_09DEC19.csv"
"438","ZMAT2","ripke_2014_ensembl_anneal_mapping_09DEC19.csv"
"439","CDC25C","ripke_2014_ensembl_anneal_mapping_09DEC19.csv"
"440","KDM3B","ripke_2014_ensembl_anneal_mapping_09DEC19.csv"
"441","HNRNPA3P7","ripke_2014_ensembl_anneal_mapping_09DEC19.csv"
"442","CD14","ripke_2014_ensembl_anneal_mapping_09DEC19.csv"
"443","HARS2","ripke_2014_ensembl_anneal_mapping_09DEC19.csv"
"444","VTRNA1-1","ripke_2014_ensembl_anneal_mapping_09DEC19.csv"
"445","RN7SL655P","ripke_2014_ensembl_anneal_mapping_09DEC19.csv"
"446","IK","ripke_2014_ensembl_anneal_mapping_09DEC19.csv"
"447","RPL7P19","ripke_2014_ensembl_anneal_mapping_09DEC19.csv"
"448","RN7SKP230","ripke_2014_ensembl_anneal_mapping_09DEC19.csv"
"449","VTRNA1-2","ripke_2014_ensembl_anneal_mapping_09DEC19.csv"
"450","MIR1294","ripke_2014_ensembl_anneal_mapping_09DEC19.csv"
"451","MAN2A1","ripke_2014_ensembl_anneal_mapping_09DEC19.csv"
"452","GFRA3","ripke_2014_ensembl_anneal_mapping_09DEC19.csv"
"453","NDUFA2","ripke_2014_ensembl_anneal_mapping_09DEC19.csv"
"454","REEP2","ripke_2014_ensembl_anneal_mapping_09DEC19.csv"
"455","SMIM15","ripke_2014_ensembl_anneal_mapping_09DEC19.csv"
"456","EGR1","ripke_2014_ensembl_anneal_mapping_09DEC19.csv"
"457","RPL3P6","ripke_2014_ensembl_anneal_mapping_09DEC19.csv"
"458","WDR55","ripke_2014_ensembl_anneal_mapping_09DEC19.csv"
"459","SNORD63","ripke_2014_ensembl_anneal_mapping_09DEC19.csv"
"460","PCDHA14","ripke_2014_ensembl_anneal_mapping_09DEC19.csv"
"461","HARS","ripke_2014_ensembl_anneal_mapping_09DEC19.csv"
"462","ZSWIM6","ripke_2014_ensembl_anneal_mapping_09DEC19.csv"
"463","VTRNA1-3","ripke_2014_ensembl_anneal_mapping_09DEC19.csv"
"464","TMCO6","ripke_2014_ensembl_anneal_mapping_09DEC19.csv"
"465","PGAM5P1","ripke_2014_ensembl_anneal_mapping_09DEC19.csv"
"466","ETF1","ripke_2014_ensembl_anneal_mapping_09DEC19.csv"
"467","DND1","ripke_2014_ensembl_anneal_mapping_09DEC19.csv"
"468","OR2E1P","ripke_2014_ensembl_anneal_mapping_09DEC19.csv"
"469","GPX5","ripke_2014_ensembl_anneal_mapping_09DEC19.csv"
"470","COX11P1","ripke_2014_ensembl_anneal_mapping_09DEC19.csv"
"471","SCAND3","ripke_2014_ensembl_anneal_mapping_09DEC19.csv"
"472","ZSCAN12","ripke_2014_ensembl_anneal_mapping_09DEC19.csv"
"473","ZSCAN31","ripke_2014_ensembl_anneal_mapping_09DEC19.csv"
"474","LINC00533","ripke_2014_ensembl_anneal_mapping_09DEC19.csv"
"475","SNAP91","ripke_2014_ensembl_anneal_mapping_09DEC19.csv"
"476","RPSAP2","ripke_2014_ensembl_anneal_mapping_09DEC19.csv"
"477","RNU2-45P","ripke_2014_ensembl_anneal_mapping_09DEC19.csv"
"478","ZKSCAN3","ripke_2014_ensembl_anneal_mapping_09DEC19.csv"
"479","GPX6","ripke_2014_ensembl_anneal_mapping_09DEC19.csv"
"480","KRT18P50","ripke_2014_ensembl_anneal_mapping_09DEC19.csv"
"481","ZSCAN23","ripke_2014_ensembl_anneal_mapping_09DEC19.csv"
"482","RNU6-1103P","ripke_2014_ensembl_anneal_mapping_09DEC19.csv"
"483","MIR4655","ripke_2014_ensembl_anneal_mapping_09DEC19.csv"
"484","SRPK2","ripke_2014_ensembl_anneal_mapping_09DEC19.csv"
"485","DFNA5","ripke_2014_ensembl_anneal_mapping_09DEC19.csv"
"486","KMT2E-AS1","ripke_2014_ensembl_anneal_mapping_09DEC19.csv"
"487","RNU6-1322P","ripke_2014_ensembl_anneal_mapping_09DEC19.csv"
"488","LINC01004","ripke_2014_ensembl_anneal_mapping_09DEC19.csv"
"489","RN7SL8P","ripke_2014_ensembl_anneal_mapping_09DEC19.csv"
"490","RWDD4P1","ripke_2014_ensembl_anneal_mapping_09DEC19.csv"
"491","KMT2E","ripke_2014_ensembl_anneal_mapping_09DEC19.csv"
"492","SUMO2P14","ripke_2014_ensembl_anneal_mapping_09DEC19.csv"
"493","MPP6","ripke_2014_ensembl_anneal_mapping_09DEC19.csv"
"494","RNA5SP272","ripke_2014_ensembl_anneal_mapping_09DEC19.csv"
"495","CLU","ripke_2014_ensembl_anneal_mapping_09DEC19.csv"
"496","GULOP","ripke_2014_ensembl_anneal_mapping_09DEC19.csv"
"497","LINC00051","ripke_2014_ensembl_anneal_mapping_09DEC19.csv"
"498","SPATA31D1","ripke_2014_ensembl_anneal_mapping_09DEC19.csv"
"499","DDX10P2","ripke_2014_ensembl_anneal_mapping_09DEC19.csv"
"500","SPATA31D2P","ripke_2014_ensembl_anneal_mapping_09DEC19.csv"
"501","SPATA31B1","ripke_2014_ensembl_anneal_mapping_09DEC19.csv"
"502","RARRES2P3","ripke_2014_ensembl_anneal_mapping_09DEC19.csv"
"503","HMGN1P35","ripke_2014_ensembl_anneal_mapping_09DEC19.csv"
"504","RNU6-133P","ripke_2014_ensembl_anneal_mapping_09DEC19.csv"
"505","PJA1","ripke_2014_ensembl_anneal_mapping_09DEC19.csv"
"506","CHD8","satterstrom2018asdgenes.csv"
"507","SCN2A","satterstrom2018asdgenes.csv"
"508","SYNGAP1","satterstrom2018asdgenes.csv"
"509","ADNP","satterstrom2018asdgenes.csv"
"510","FOXP1","satterstrom2018asdgenes.csv"
"511","POGZ","satterstrom2018asdgenes.csv"
"512","ARID1B","satterstrom2018asdgenes.csv"
"513","SUV420H1","satterstrom2018asdgenes.csv"
"514","DYRK1A","satterstrom2018asdgenes.csv"
"515","SLC6A1","satterstrom2018asdgenes.csv"
"516","GRIN2B","satterstrom2018asdgenes.csv"
"517","PTEN","satterstrom2018asdgenes.csv"
"518","SHANK3","satterstrom2018asdgenes.csv"
"519","MED13L","satterstrom2018asdgenes.csv"
"520","GIGYF1","satterstrom2018asdgenes.csv"
"521","CHD2","satterstrom2018asdgenes.csv"
"522","ANKRD11","satterstrom2018asdgenes.csv"
"523","ANK2","satterstrom2018asdgenes.csv"
"524","ASH1L","satterstrom2018asdgenes.csv"
"525","TLK2","satterstrom2018asdgenes.csv"
"526","DNMT3A","satterstrom2018asdgenes.csv"
"527","DEAF1","satterstrom2018asdgenes.csv"
"528","CTNNB1","satterstrom2018asdgenes.csv"
"529","KDM6B","satterstrom2018asdgenes.csv"
"530","DSCAM","satterstrom2018asdgenes.csv"
"531","SETD5","satterstrom2018asdgenes.csv"
"532","KCNQ3","satterstrom2018asdgenes.csv"
"533","SRPR","satterstrom2018asdgenes.csv"
"534","WAC","satterstrom2018asdgenes.csv"
"535","SHANK2","satterstrom2018asdgenes.csv"
"536","NRXN1","satterstrom2018asdgenes.csv"
"537","TBL1XR1","satterstrom2018asdgenes.csv"
"538","MYT1L","satterstrom2018asdgenes.csv"
"539","BCL11A","satterstrom2018asdgenes.csv"
"540","RORB","satterstrom2018asdgenes.csv"
"541","DYNC1H1","satterstrom2018asdgenes.csv"
"542","DPYSL2","satterstrom2018asdgenes.csv"
"543","AP2S1","satterstrom2018asdgenes.csv"
"544","KMT2C","satterstrom2018asdgenes.csv"
"545","PAX5","satterstrom2018asdgenes.csv"
"546","MKX","satterstrom2018asdgenes.csv"
"547","GABRB3","satterstrom2018asdgenes.csv"
"548","SIN3A","satterstrom2018asdgenes.csv"
"549","MBD5","satterstrom2018asdgenes.csv"
"550","MAP1A","satterstrom2018asdgenes.csv"
"551","STXBP1","satterstrom2018asdgenes.csv"
"552","CELF4","satterstrom2018asdgenes.csv"
"553","PHF12","satterstrom2018asdgenes.csv"
"554","TBR1","satterstrom2018asdgenes.csv"
"555","PPP2R5D","satterstrom2018asdgenes.csv"
"556","TM9SF4","satterstrom2018asdgenes.csv"
"557","PHF21A","satterstrom2018asdgenes.csv"
"558","PRR12","satterstrom2018asdgenes.csv"
"559","SKI","satterstrom2018asdgenes.csv"
"560","ASXL3","satterstrom2018asdgenes.csv"
"561","SPAST","satterstrom2018asdgenes.csv"
"562","SMARCC2","satterstrom2018asdgenes.csv"
"563","TRIP12","satterstrom2018asdgenes.csv"
"564","CREBBP","satterstrom2018asdgenes.csv"
"565","TCF4","satterstrom2018asdgenes.csv"
"566","CACNA1E","satterstrom2018asdgenes.csv"
"567","GNAI1","satterstrom2018asdgenes.csv"
"568","TCF20","satterstrom2018asdgenes.csv"
"569","FOXP2","satterstrom2018asdgenes.csv"
"570","NSD1","satterstrom2018asdgenes.csv"
"571","TCF7L2","satterstrom2018asdgenes.csv"
"572","LDB1","satterstrom2018asdgenes.csv"
"573","PHF2","satterstrom2018asdgenes.csv"
"574","KIAA0232","satterstrom2018asdgenes.csv"
"575","VEZF1","satterstrom2018asdgenes.csv"
"576","GFAP","satterstrom2018asdgenes.csv"
"577","IRF2BPL","satterstrom2018asdgenes.csv"
"578","ZMYND8","satterstrom2018asdgenes.csv"
"579","SATB1","satterstrom2018asdgenes.csv"
"580","RFX3","satterstrom2018asdgenes.csv"
"581","SCN1A","satterstrom2018asdgenes.csv"
"582","PPP5C","satterstrom2018asdgenes.csv"
"583","TRIM23","satterstrom2018asdgenes.csv"
"584","TRAF7","satterstrom2018asdgenes.csv"
"585","ELAVL3","satterstrom2018asdgenes.csv"
"586","GRIA2","satterstrom2018asdgenes.csv"
"587","LRRC4C","satterstrom2018asdgenes.csv"
"588","CACNA2D3","satterstrom2018asdgenes.csv"
"589","NUP155","satterstrom2018asdgenes.csv"
"590","KMT2E","satterstrom2018asdgenes.csv"
"591","NR3C2","satterstrom2018asdgenes.csv"
"592","NACC1","satterstrom2018asdgenes.csv"
"593","PTK7","satterstrom2018asdgenes.csv"
"594","PPP1R9B","satterstrom2018asdgenes.csv"
"595","GABRB2","satterstrom2018asdgenes.csv"
"596","HDLBP","satterstrom2018asdgenes.csv"
"597","TAOK1","satterstrom2018asdgenes.csv"
"598","UBR1","satterstrom2018asdgenes.csv"
"599","TEK","satterstrom2018asdgenes.csv"
"600","KCNMA1","satterstrom2018asdgenes.csv"
"601","CORO1A","satterstrom2018asdgenes.csv"
"602","HECTD4","satterstrom2018asdgenes.csv"
"603","NCOA1","satterstrom2018asdgenes.csv"
"604","DIP2A","satterstrom2018asdgenes.csv"
